{"cameraMode":{"drawMode":0,"name":"Shaded","section":"Shading Mode"},"sceneLighting":true,"audioPlay":false,"sceneViewState":{"showFog":true,"showMaterialUpdate":false,"showSkybox":true,"showFlares":true,"showImageEffects":true,"showParticleSystems":true},"in2DMode":false,"pivot":{"x":1.8958654403686524,"y":-0.693255603313446,"z":2.8608922958374025},"rotation":{"x":-0.27530568838119509,"y":-0.4699462354183197,"z":0.1570463925600052,"w":-0.8238287568092346},"size":16.3082332611084,"orthographic":false}