{"cameraMode":{"drawMode":0,"name":"Shaded","section":"Shading Mode"},"sceneLighting":true,"audioPlay":false,"sceneViewState":{"showFog":true,"showMaterialUpdate":false,"showSkybox":true,"showFlares":true,"showImageEffects":true,"showParticleSystems":true},"in2DMode":false,"pivot":{"x":-3.2782881259918215,"y":-0.6074453592300415,"z":-0.25009632110595705},"rotation":{"x":-0.21070551872253419,"y":0.6674087047576904,"z":-0.2055841088294983,"w":-0.6840351223945618},"size":19.033655166625978,"orthographic":false}